apertura,branch_id,brand,city,country,db_cost_center,db_match,display_name,estado,is_deleted,is_presale,key,m2,name,nueva,partner_id,partner_name,pendiente,punto_equilibrio,region_name,source,updated_at
,101,ACTION_EXPERIENCE,"BOGOTÁ, D.C.",CO,"{'id': 2, 'is_active': True, 'name': 'Action Campin 7 De Agosto'}",id,7 De Agosto,inactiva,0,1,CO:101,500.0,7DeAgosto,False,73,EVO,True,450.0,BOGOTÁ,admin,2026-08-27T15:42:43Z
,137,ACTION_EXPERIENCE,MEDELLÍN,CO,,,Aranjuez,inactiva,0,1,CO:137,,Aranjuez,False,93,EVO,True,450.0,,admin,2026-09-01T23:12:31Z
,133,ACTION_EXPERIENCE,BELLO,CO,,,Cabañas,inactiva,0,1,CO:133,,Cabañas,False,88,EVO,True,450.0,,admin,2026-09-01T23:12:31Z
,130,ACTION_EXPERIENCE,CARTAGENA,CO,"{'id': 229, 'is_active': True, 'name': 'Action Cartagena Ramblas'}",nombre,Cartagena Ramblas,inactiva,0,1,CO:130,,CartagenaRamblas,False,85,EVO,True,450.0,,admin,2026-09-01T23:12:31Z
,25,ACTION_EXPERIENCE,"BOGOTÁ, D.C.",CO,"{'id': 13, 'is_active': True, 'name': 'Action Carulla 116'}",id,Carulla 116,inactiva,0,1,CO:25,979.0,CarullaAutopista116,False,70,EVO,True,450.0,BOGOTÁ,master_sedes,2026-08-27T03:26:55Z
,126,ACTION_EXPERIENCE,"BOGOTÁ, D.C.",CO,,,Cedritos,inactiva,0,1,CO:126,,Cedritos,False,81,EVO,True,450.0,,admin,2026-09-01T23:12:31Z
,127,ACTION_EXPERIENCE,PEREIRA,CO,,,Cerritos Pereira,inactiva,0,1,CO:127,,CerritosPereira,False,82,EVO,True,450.0,,admin,2026-09-01T23:12:31Z
,132,ACTION_EXPERIENCE,COPACABANA,CO,,,Copacabana,inactiva,0,1,CO:132,,Copacabana,False,87,EVO,True,450.0,,admin,2026-09-01T23:12:31Z
,89,ACTION_EXPERIENCE,CALI,CO,"{'id': 30, 'is_active': True, 'name': 'Action Country Mall'}",id,Country Mall,inactiva,0,1,CO:89,1000.0,CountryMall,False,62,EVO,True,380.0,B/QUILLA - CALI - PEREIRA,admin,2026-09-01T23:12:31Z
,136,ACTION_EXPERIENCE,CARTAGENA,CO,,,Cristal Mall,inactiva,0,1,CO:136,,CristalMall,False,91,EVO,True,450.0,,admin,2026-09-01T23:12:31Z
,62,ACTION_EXPERIENCE,MEDELLÍN,CO,"{'id': 31, 'is_active': True, 'name': 'Action Drive In'}",id,Drive in,inactiva,0,1,CO:62,732.0,Drivein,False,49,EVO,True,450.0,ANTIOQUIA SUR,admin,2026-09-01T23:12:31Z
,134,ACTION_EXPERIENCE,MONTERÍA,CO,,,Evergreen Mall Monteria,inactiva,0,1,CO:134,,EvergreenMallMonteria,False,89,EVO,True,447.0,,admin,2026-09-01T23:12:31Z
,36,ACTION_SPORT_CLUB,MEDELLÍN,CO,"{'id': 75, 'is_active': True, 'name': 'Action Sport Club La 65'}",id,Jumbo 65,inactiva,0,1,CO:36,,Jumbo65,False,39,EVO,True,,ACTION SPORT CLUB,admin,2026-08-27T03:30:34Z
,37,ACTION_SPORT_CLUB,MEDELLÍN,CO,,,Jumbo Vegas,inactiva,0,1,CO:37,600.0,JumboVegas,False,99,EVO,True,,ACTION SPORT CLUB,admin,2026-08-27T15:42:43Z
,39,ACTION_EXPERIENCE,MEDELLÍN,CO,"{'id': 46, 'is_active': True, 'name': 'Action La 45 Manrique'}",id,La 45,inactiva,0,1,CO:39,890.0,La45,False,42,EVO,True,450.0,ANTIOQUIA CENTRO,master_sedes,2026-08-27T03:26:55Z
,99,ACTION_EXPERIENCE,MEDELLÍN,CO,"{'id': 51, 'is_active': True, 'name': 'Action Loma De Los Bernal'}",id,Loma De Los Bernal,inactiva,0,1,CO:99,1395.0,LomaDeLosBernal,False,71,EVO,True,380.0,ANTIOQUIA CENTRO,admin,2026-09-01T23:12:31Z
,124,RESETT,MEDELLÍN,CO,"{'id': 95, 'is_active': True, 'name': 'Resett Las Vegas'}",id,Resett Vegas,inactiva,0,0,CO:124,,ResettVegas,False,124,AX,True,0.0,RESETT,admin,2026-09-04T15:49:16Z
,129,ACTION_EXPERIENCE,CALI,CO,,,Santa Teresita,inactiva,0,1,CO:129,,SantaTeresita,False,84,EVO,True,450.0,,admin,2026-09-01T23:12:31Z
,100,ACTION_EXPERIENCE,CHÍA,CO,"{'id': 70, 'is_active': True, 'name': 'Action Sibelius Chia'}",id,Sibelius Chía,inactiva,0,1,CO:100,665.0,SibeliusChia,False,72,EVO,True,450.0,BOGOTÁ,master_sedes,2026-08-27T03:26:55Z
,96,ACTION_EXPERIENCE,MONTERÍA,CO,"{'id': 81, 'is_active': True, 'name': 'Action Solar Place Terminal'}",id,Terminal,inactiva,0,1,CO:96,,Terminal,False,65,EVO,True,400.0,B/QUILLA - CALI - PEREIRA,admin,2026-09-01T23:12:31Z
,91,ACTION_EXPERIENCE,LA ESTRELLA,CO,"{'id': 83, 'is_active': True, 'name': 'Action Toledo La Estrella'}",id,Toledo,inactiva,0,1,CO:91,,Toledo,False,63,EVO,True,350.0,ANTIOQUIA SUR,admin,2026-09-01T23:12:31Z
,138,ACTION_EXPERIENCE,SABANETA,CO,,,Zaban,inactiva,0,1,CO:138,,Zaban,False,94,EVO,True,450.0,,admin,2026-09-01T23:12:31Z
,135,ACTION_EXPERIENCE,"BOGOTÁ, D.C.",CO,,,Zetta 55,inactiva,0,1,CO:135,,Zetta55,False,90,EVO,True,450.0,,admin,2026-09-01T23:12:31Z
,131,ACTION_EXPERIENCE,"BOGOTÁ, D.C.",CO,,,Zuco Plaza,inactiva,0,1,CO:131,,ZucoPlaza,False,86,EVO,True,450.0,,admin,2026-09-01T23:12:31Z
,72,ACTION_EXPERIENCE,METEPEC,MX,,,Galerias Metepec,inactiva,0,1,MX:72,,GaleriasMetepec,False,7,EVO,True,,MEXICO,,
,125,ACTION_EXPERIENCE,MERIDA,MX,"{'id': 180, 'is_active': True, 'name': 'Action Isla merida'}",nombre,Isla Merida,inactiva,0,1,MX:125,,IslaMerida,False,13,AX,True,447.0,MEXICO,admin,2026-09-01T23:12:31Z
,104,ACTION_EXPERIENCE,CIUDAD DE MÉXICO,MX,"{'id': 181, 'is_active': True, 'name': 'Action La Comer Interlomas'}",nombre,La Comer Interlomas,inactiva,0,1,MX:104,485.0,LaComerInterlomas,False,4,EVO,True,350.0,MEXICO,master_sedes,2026-08-27T03:26:55Z
,103,ACTION_EXPERIENCE,SANTIAGO DE QUERÉTARO,MX,"{'id': 186, 'is_active': True, 'name': 'Action Paseo Queretaro'}",nombre,Paseo Querétaro,activa,0,0,MX:103,998.0,PaseoQueretaro,False,6,EVO,True,360.0,MEXICO,master_sedes,2026-08-27T03:26:55Z
2025-12-10,87,ACTION_EXPERIENCE,RIO DE JANEIRO,BR,"{'id': 232, 'is_active': True, 'name': 'Action Botafogo'}",nombre,Botafogo,activa,0,0,BR:87,840.0,Botafogo,False,2,EVO,False,400.0,,master_sedes,2026-08-27T03:26:55Z
,139,ACTION_EXPERIENCE,RIO DE JANEIRO,BR,,,Juiz De Fora,inactiva,1,1,BR:139,,JuizDeFora,False,3,EVO,False,,,,
2026-03-23,88,ACTION_EXPERIENCE,BELO HORIZONTE,BR,"{'id': 231, 'is_active': True, 'name': 'Action Savassi'}",nombre,Savassi,activa,0,0,BR:88,1016.0,Savassi,False,1,EVO,False,350.0,,master_sedes,2026-08-27T03:26:55Z
2026-08-01,102,ACTION_SPORT_CLUB,"BOGOTÁ, D.C.",CO,"{'id': 73, 'is_active': True, 'name': 'Action Sport Club Easy Norte'}",id,Action Sport Club Easy Norte,activa,0,0,CO:102,2103.0,ActionSportClubEasyNorte,False,74,EVO,False,0.0,ACTION SPORT CLUB,master_sedes,2026-08-27T03:26:55Z
2023-02-16,6,ACTION_EXPERIENCE,ENVIGADO,CO,"{'id': 3, 'is_active': True, 'name': 'Action Alto de Palmas'}",id,Alto de palmas,activa,0,0,CO:6,674.8,AltoDePalmas,False,7,EVO,False,894.0,ANTIOQUIA SUR,master_sedes,2026-08-27T03:26:55Z
2024-05-10,19,ACTION_EXPERIENCE,BARRANQUILLA,CO,"{'id': 4, 'is_active': True, 'name': 'Action Altos Del Prado'}",id,Altos Del Prado,activa,0,0,CO:19,503.0,AltosDelPrado,False,19,EVO,False,930.0,B/QUILLA - CALI - PEREIRA,master_sedes,2026-08-27T03:26:55Z
2024-06-14,20,ACTION_EXPERIENCE,"BOGOTÁ, D.C.",CO,"{'id': 5, 'is_active': True, 'name': 'Action Atlantis'}",id,Atlantis,activa,0,0,CO:20,576.0,Atlantis,False,20,EVO,False,1028.0,BOGOTÁ,master_sedes,2026-08-27T03:26:55Z
2026-06-26,97,ACTION_EXPERIENCE,"BOGOTÁ, D.C.",CO,"{'id': 6, 'is_active': True, 'name': 'Action Atrio'}",id,Atrio,activa,0,0,CO:97,632.0,Atrio,False,66,EVO,False,455.0,BOGOTÁ,master_sedes,2026-08-27T03:26:55Z
2024-11-21,32,ACTION_EXPERIENCE,SABANETA,CO,"{'id': 7, 'is_active': True, 'name': 'Action Aves Maria'}",id,Aves María,activa,0,0,CO:32,855.0,AvesMaria,False,35,EVO,False,1338.0,ANTIOQUIA SUR,master_sedes,2026-08-27T03:26:55Z
2024-05-31,9,ACTION_EXPERIENCE,MEDELLÍN,CO,"{'id': 9, 'is_active': True, 'name': 'Action Belen'}",id,Belen,activa,0,0,CO:9,1600.0,Belen,False,10,EVO,False,968.0,ANTIOQUIA NORTE,master_sedes,2026-08-27T03:26:55Z
2026-03-04,98,ACTION_EXPERIENCE,"BOGOTÁ, D.C.",CO,"{'id': 18, 'is_active': True, 'name': 'Action CC Multiplaza'}",id,C.C Multiplaza - La Felicidad,activa,0,0,CO:98,650.64,CCLaFelicidad,False,69,EVO,False,450.0,BOGOTÁ,master_sedes,2026-08-27T03:26:55Z
2025-12-24,84,ACTION_EXPERIENCE,"BOGOTÁ, D.C.",CO,"{'id': 16, 'is_active': True, 'name': 'Action CC Colina'}",id,C.C Parque La Colina,activa,0,0,CO:84,543.64,CCColina,False,60,EVO,False,653.0,BOGOTÁ,master_sedes,2026-08-27T03:26:55Z
2026-08-06,95,ACTION_EXPERIENCE,BARRANQUILLA,CO,"{'id': 10, 'is_active': True, 'name': 'Action Calle 77'}",id,Calle 77,activa,0,0,CO:95,800.0,Calle77,False,64,EVO,False,440.0,B/QUILLA - CALI - PEREIRA,master_sedes,2026-08-27T03:26:55Z
2025-05-01,27,ACTION_EXPERIENCE,CALI,CO,"{'id': 11, 'is_active': True, 'name': 'Action Campanella Plaza'}",id,Campanella Plaza,activa,0,0,CO:27,966.0,CampanellaPlaza,False,29,EVO,False,708.0,B/QUILLA - CALI - PEREIRA,master_sedes,2026-08-27T03:26:55Z
2022-03-04,4,ACTION_EXPERIENCE,MEDELLÍN,CO,"{'id': 12, 'is_active': True, 'name': 'Action Campestre'}",id,Campestre,activa,0,0,CO:4,585.7,Campestre,False,5,EVO,False,1256.0,ANTIOQUIA SUR,master_sedes,2026-08-27T03:26:55Z
2026-04-14,92,ACTION_EXPERIENCE,MEDELLÍN,CO,"{'id': 15, 'is_active': True, 'name': 'Action CC Arkadia'}",id,CC Arkadia,activa,0,0,CO:92,776.0,CCArkadia,False,67,EVO,False,570.0,ANTIOQUIA CENTRO,master_sedes,2026-08-27T03:26:55Z
2025-07-07,48,ACTION_EXPERIENCE,MEDELLÍN,CO,"{'id': 17, 'is_active': True, 'name': 'Action CC Florida'}",id,CC Florida,activa,0,0,CO:48,712.0,CCFlorida,False,43,EVO,False,792.0,ANTIOQUIA NORTE,master_sedes,2026-08-27T03:26:55Z
,120,ACTION_EXPERIENCE,BARRANQUILLA,CO,,,CDI Barranquilla,inactiva,1,1,CO:120,,CDIBarranquilla,False,120,AX,False,,,,
,117,ACTION_EXPERIENCE,"BOGOTÁ, D.C.",CO,,,CDI Bogota,inactiva,1,1,CO:117,,CDIBogota,False,117,AX,False,,,,
,118,ACTION_EXPERIENCE,CALI,CO,,,CDI Cali,inactiva,1,1,CO:118,,CDICali,False,118,AX,False,,,,
,116,ACTION_EXPERIENCE,MEDELLÍN,CO,,,CDI La 33,inactiva,1,1,CO:116,,CDILa33,False,116,AX,False,,,,
,119,ACTION_EXPERIENCE,PEREIRA,CO,,,CDI Pereira,inactiva,1,1,CO:119,,CDIPereira,False,119,AX,False,,,,
2025-09-03,31,ACTION_EXPERIENCE,"BOGOTÁ, D.C.",CO,"{'id': 14, 'is_active': True, 'name': 'Action Carulla Cedro Bolivar'}",id,Cedro Bolívar,activa,0,0,CO:31,359.0,CedroBolivar,False,33,EVO,False,634.0,BOGOTÁ,master_sedes,2026-08-27T03:26:55Z
2023-01-20,5,ACTION_EXPERIENCE,ENVIGADO,CO,"{'id': 23, 'is_active': True, 'name': 'Action City Plaza'}",id,City Plaza,activa,0,0,CO:5,722.6,City,False,6,EVO,False,1243.0,ANTIOQUIA SUR,master_sedes,2026-08-27T03:26:55Z
2025-07-21,58,ACTION_EXPERIENCE,SABANETA,CO,"{'id': 24, 'is_active': True, 'name': 'Action Ciudadela Sabaneta'}",id,Ciudadela Sabaneta,activa,0,0,CO:58,657.0,ParqueSabaneta,False,50,EVO,False,835.0,ANTIOQUIA SUR,master_sedes,2026-08-27T03:26:55Z
2024-11-29,29,ACTION_EXPERIENCE,"BOGOTÁ, D.C.",CO,"{'id': 25, 'is_active': True, 'name': 'Action Colina'}",id,Colina,activa,0,0,CO:29,928.0,Colina,False,31,EVO,False,1042.0,BOGOTÁ,master_sedes,2026-08-27T03:26:55Z
2024-08-16,21,ACTION_EXPERIENCE,"BOGOTÁ, D.C.",CO,"{'id': 26, 'is_active': True, 'name': 'Action Connecta 26'}",id,Connecta 26,activa,0,0,CO:21,1267.0,Connecta26,False,22,EVO,False,1059.0,BOGOTÁ,master_sedes,2026-08-27T03:26:55Z
2025-05-02,26,ACTION_EXPERIENCE,"BOGOTÁ, D.C.",CO,"{'id': 27, 'is_active': True, 'name': 'Action Connecta 80'}",id,Connecta 80,activa,0,0,CO:26,583.92,Connecta80,False,28,EVO,False,844.0,BOGOTÁ,master_sedes,2026-08-27T03:26:55Z
2025-10-17,85,ACTION_EXPERIENCE,"BOGOTÁ, D.C.",CO,"{'id': 28, 'is_active': True, 'name': 'Action Corporate Center'}",id,Corporate Center,activa,0,0,CO:85,894.8,HotelMarriotSalitre,False,61,EVO,False,721.0,BOGOTÁ,master_sedes,2026-08-27T03:26:55Z
2024-08-09,23,ACTION_EXPERIENCE,MEDELLÍN,CO,"{'id': 29, 'is_active': True, 'name': 'Action Cortezza'}",id,Cortezza,activa,0,0,CO:23,501.15,Cortezza,False,24,EVO,False,800.0,ANTIOQUIA CENTRO,master_sedes,2026-08-27T03:26:55Z
2026-08-01,34,ACTION_SPORT_CLUB,"BOGOTÁ, D.C.",CO,,,Easy Norte,inactiva,0,1,CO:34,2103.0,EasyNorte,False,37,EVO,False,0.0,ACTION SPORT CLUB,master_sedes,2026-08-27T03:26:55Z
2025-08-18,60,ACTION_EXPERIENCE,"BOGOTÁ, D.C.",CO,"{'id': 33, 'is_active': True, 'name': 'Action El Eden'}",id,El Edén,activa,0,0,CO:60,554.0,ElEden,False,52,EVO,False,841.0,BOGOTÁ,master_sedes,2026-08-27T03:26:55Z
2025-05-24,61,ACTION_EXPERIENCE,PEREIRA,CO,"{'id': 34, 'is_active': True, 'name': 'Action Epic Pereira'}",id,Epic Pereira,activa,0,0,CO:61,709.18,UnicentroPereira,False,51,EVO,False,797.0,B/QUILLA - CALI - PEREIRA,master_sedes,2026-08-27T03:26:55Z
,123,ACTION_EXPERIENCE,MEDELLÍN,CO,,,Eventos,inactiva,1,1,CO:123,,EventosAX,False,123,AX,False,,,,
2025-12-05,93,ACTION_EXPERIENCE,MEDELLÍN,CO,"{'id': 42, 'is_active': True, 'name': 'Action Fic 48 Cd Del Rio'}",id,FIC 48 CD DEL RIO,activa,0,0,CO:93,840.0,FIC48CDDelRio,False,68,EVO,False,684.0,ANTIOQUIA CENTRO,master_sedes,2026-08-27T03:26:55Z
2023-06-20,10,ACTION_EXPERIENCE,MEDELLÍN,CO,"{'id': 41, 'is_active': True, 'name': 'Action Feeling'}",id,Inferior,activa,0,0,CO:10,438.0,Feeling,False,12,EVO,False,829.0,ANTIOQUIA CENTRO,master_sedes,2026-08-27T03:26:55Z
2022-12-02,1,ACTION_EXPERIENCE,ENVIGADO,CO,"{'id': 43, 'is_active': True, 'name': 'Action Intermedia'}",id,Intermedia,activa,0,0,CO:1,665.0,Intermedia,False,1,EVO,False,971.0,ANTIOQUIA SUR,master_sedes,2026-08-27T03:26:55Z
2026-08-24,38,ACTION_EXPERIENCE,RIONEGRO,CO,"{'id': 44, 'is_active': True, 'name': 'Action Jardines Llanogrande'}",id,Jardines Llano Grande,activa,0,0,CO:38,695.0,JardinesLlanoGrande,False,41,EVO,False,400.0,ANTIOQUIA CENTRO,admin,2026-08-27T15:42:43Z
,35,ACTION_EXPERIENCE,"BOGOTÁ, D.C.",CO,,,Jumbo 170,inactiva,1,1,CO:35,,Jumbo170,False,38,EVO,False,,BOGOTÁ,,
,33,ACTION_EXPERIENCE,CALI,CO,,,Jumbo Chipichape,inactiva,1,1,CO:33,,JumboChipichape,False,36,EVO,False,,B/QUILLA - CALI - PEREIRA,,
2023-06-09,8,ACTION_EXPERIENCE,MEDELLÍN,CO,"{'id': 45, 'is_active': True, 'name': 'Action La 33'}",id,La 33,activa,0,0,CO:8,845.3,La33,False,9,EVO,False,1549.0,ANTIOQUIA NORTE,master_sedes,2026-08-27T03:26:55Z
2025-07-07,65,ACTION_EXPERIENCE,MEDELLÍN,CO,"{'id': 48, 'is_active': True, 'name': 'Action Las Palmas Bio 26'}",id,Las Palmas Bio 26,activa,0,0,CO:65,1247.0,LasPalmasBio26,False,46,EVO,False,705.0,ANTIOQUIA CENTRO,master_sedes,2026-08-27T03:26:55Z
2023-11-17,7,ACTION_EXPERIENCE,MEDELLÍN,CO,"{'id': 49, 'is_active': True, 'name': 'Action Laureles'}",id,Laureles,activa,0,0,CO:7,644.0,Laureles,False,8,EVO,False,981.0,ANTIOQUIA NORTE,master_sedes,2026-08-27T03:26:55Z
2024-05-24,17,ACTION_EXPERIENCE,MEDELLÍN,CO,"{'id': 52, 'is_active': True, 'name': 'Action Los Colores'}",id,Los Colores,activa,0,0,CO:17,579.0,LosColores,False,17,EVO,False,851.0,ANTIOQUIA NORTE,master_sedes,2026-08-27T03:26:55Z
2025-07-30,63,ACTION_EXPERIENCE,MEDELLÍN,CO,"{'id': 53, 'is_active': True, 'name': 'Action Los Molinos'}",id,Los Molinos,activa,0,0,CO:63,1030.55,LosMolinos,False,48,EVO,False,802.0,ANTIOQUIA NORTE,master_sedes,2026-08-27T03:26:55Z
2025-12-05,77,ACTION_EXPERIENCE,MEDELLÍN,CO,"{'id': 54, 'is_active': True, 'name': 'Action Mall Gran Via'}",id,Mall Gran Via,activa,0,0,CO:77,840.0,MallGranVia,False,53,EVO,False,622.0,ANTIOQUIA NORTE,master_sedes,2026-08-27T03:26:55Z
2026-02-06,105,ACTION_EXPERIENCE,AGUADAS,CO,"{'id': 55, 'is_active': True, 'name': 'Action Mall La Reserva'}",id,Mall La Reserva,activa,0,0,CO:105,290.0,MallLaReserva,False,75,EVO,False,300.0,ANTIOQUIA NORTE,master_sedes,2026-08-27T03:26:55Z
2026-06-22,107,ACTION_EXPERIENCE,"BOGOTÁ, D.C.",CO,"{'id': 56, 'is_active': True, 'name': 'Action Mall NQS'}",id,MALLPLAZA NQS,activa,0,0,CO:107,461.0,MallNQS,False,79,EVO,False,435.0,BOGOTÁ,master_sedes,2026-08-27T03:26:55Z
2024-01-12,13,ACTION_EXPERIENCE,BELLO,CO,"{'id': 57, 'is_active': True, 'name': 'Action Niquia'}",id,Niquia,activa,0,0,CO:13,700.0,Niquia,False,16,EVO,False,1063.0,ANTIOQUIA NORTE,master_sedes,2026-08-27T03:26:55Z
2025-10-14,56,ACTION_EXPERIENCE,MEDELLÍN,CO,"{'id': 58, 'is_active': True, 'name': 'Action Outlet'}",id,Outlet,activa,0,0,CO:56,740.0,Outlet,False,47,EVO,False,642.0,ANTIOQUIA CENTRO,master_sedes,2026-08-27T03:26:55Z
2025-10-14,83,ACTION_EXPERIENCE,SOPÓ,CO,"{'id': 20, 'is_active': True, 'name': 'Action CC Parque Sopo'}",id,Outlet Arauco Sopó,activa,0,0,CO:83,740.0,ParqueSopo,False,59,EVO,False,642.0,BOGOTÁ,master_sedes,2026-08-27T03:26:55Z
2024-02-02,15,ACTION_EXPERIENCE,MEDELLÍN,CO,"{'id': 59, 'is_active': True, 'name': 'Action Oviedo'}",id,Oviedo,activa,0,0,CO:15,678.0,Oviedo,False,14,EVO,False,949.0,ANTIOQUIA SUR,master_sedes,2026-08-27T03:26:55Z
2025-11-10,57,ACTION_EXPERIENCE,"BOGOTÁ, D.C.",CO,"{'id': 1, 'is_active': True, 'name': 'Action 1433 Park'}",id,Park1433,activa,0,0,CO:57,682.57,Park,False,45,EVO,False,710.0,BOGOTÁ,master_sedes,2026-08-27T03:26:55Z
2026-03-30,78,ACTION_EXPERIENCE,PEREIRA,CO,"{'id': 19, 'is_active': True, 'name': 'Action CC Parque Arboleda'}",id,Parque Arboleda,activa,0,0,CO:78,840.0,ParqueArboleda,False,54,EVO,False,450.0,B/QUILLA - CALI - PEREIRA,master_sedes,2026-08-27T03:26:55Z
2026-03-16,80,ACTION_EXPERIENCE,BELLO,CO,"{'id': 21, 'is_active': True, 'name': 'Action CC Plaza Fabricato'}",id,Parque Fabricato,activa,0,0,CO:80,890.2,PlazaFabricato,False,56,EVO,False,450.0,ANTIOQUIA NORTE,master_sedes,2026-08-27T03:26:55Z
2025-04-04,30,ACTION_EXPERIENCE,"BOGOTÁ, D.C.",CO,"{'id': 60, 'is_active': True, 'name': 'Action Pepe Sierra'}",id,Pepe Sierra,activa,0,0,CO:30,830.0,PepeSierra,False,32,EVO,False,1102.0,BOGOTÁ,master_sedes,2026-08-27T03:26:55Z
2025-09-12,52,ACTION_EXPERIENCE,BARRANQUILLA,CO,"{'id': 61, 'is_active': True, 'name': 'Action Plaza Campestre'}",id,Plaza Campestre,activa,0,0,CO:52,670.0,PlazaCampestre,False,44,EVO,False,786.0,B/QUILLA - CALI - PEREIRA,master_sedes,2026-08-27T03:26:55Z
2024-12-16,22,ACTION_EXPERIENCE,RIONEGRO,CO,"{'id': 63, 'is_active': True, 'name': 'Action Plaza Rio Grande'}",id,Plaza Rio Grande,activa,0,0,CO:22,579.0,PlazaRioGrande,False,23,EVO,False,871.0,ANTIOQUIA CENTRO,master_sedes,2026-08-27T03:26:55Z
2026-08-01,113,RESETT,"BOGOTÁ, D.C.",CO,"{'id': 92, 'is_active': True, 'name': 'Resett Easy Norte'}",id,Resett EasyNorte,activa,0,0,CO:113,200.0,ResettEasyNorte,False,113,AX,False,0.0,RESETT,admin,2026-09-04T15:49:25Z
2025-07-12,112,RESETT,ENVIGADO,CO,"{'id': 93, 'is_active': True, 'name': 'Resett Escobero'}",id,Resett Escobero,activa,0,0,CO:112,200.0,ResettEscobero,False,112,AX,False,0.0,RESETT,admin,2026-08-27T15:42:43Z
2025-07-04,110,RESETT,MEDELLÍN,CO,"{'id': 94, 'is_active': True, 'name': 'Resett La 33'}",id,Resett La 33,activa,0,0,CO:110,200.0,ResettLa33,False,110,AX,False,0.0,RESETT,admin,2026-08-27T15:42:43Z
2025-07-04,111,RESETT,MEDELLÍN,CO,"{'id': 96, 'is_active': True, 'name': 'Resett San Lucas'}",id,Resett San Lucas,activa,0,0,CO:111,200.0,ResettSanLucas,False,111,AX,False,0.0,RESETT,admin,2026-08-27T15:42:43Z
2022-09-23,3,ACTION_EXPERIENCE,SABANETA,CO,"{'id': 66, 'is_active': True, 'name': 'Action Sabaneta'}",id,Sabaneta,activa,1,0,CO:3,1265.3,Sabaneta,False,4,EVO,False,2035.0,ANTIOQUIA SUR,admin,2026-08-27T16:10:34Z
2024-11-22,47,ACTION_EXPERIENCE,MEDELLÍN,CO,"{'id': 67, 'is_active': True, 'name': 'Action San Bernardo'}",id,San Bernardo,activa,0,0,CO:47,1171.0,SanBernardo,False,34,EVO,False,1289.0,ANTIOQUIA NORTE,master_sedes,2026-08-27T03:26:55Z
2023-12-14,12,ACTION_EXPERIENCE,MEDELLÍN,CO,"{'id': 68, 'is_active': True, 'name': 'Action San Lucas'}",id,San Lucas,activa,0,0,CO:12,580.11,SanLucas,False,15,EVO,False,841.0,ANTIOQUIA SUR,master_sedes,2026-08-27T03:26:55Z
2023-10-20,11,ACTION_EXPERIENCE,"BOGOTÁ, D.C.",CO,"{'id': 69, 'is_active': True, 'name': 'Action Santafe Bogota'}",id,Santafé Bogotá,activa,0,0,CO:11,548.4,Santafe,False,13,EVO,False,1103.0,BOGOTÁ,master_sedes,2026-08-27T03:26:55Z
2026-04-10,109,ACTION_SPORT_CLUB,MEDELLÍN,CO,"{'id': 72, 'is_active': True, 'name': 'Action Sport Club Ciudad Del Rio'}",id,Sport Club CIudad del Rio,activa,0,0,CO:109,1217.0,SportClubCIudaddelRio,False,76,EVO,False,0.0,ACTION SPORT CLUB,master_sedes,2026-08-27T03:26:55Z
2025-07-12,121,ACTION_SPORT_CLUB,ENVIGADO,CO,"{'id': 74, 'is_active': True, 'name': 'Action Sport Club Escobero'}",id,Sport Club Escobero,activa,0,0,CO:121,2000.0,SportClubEscobero,False,121,AX,False,0.0,ACTION SPORT CLUB,admin,2026-08-27T15:42:43Z
2025-07-04,106,ACTION_SPORT_CLUB,MEDELLÍN,CO,"{'id': 78, 'is_active': True, 'name': 'Action Sport Club San Lucas'}",id,Sport Club San Lucas,activa,0,0,CO:106,2238.0,SportClubSanLucas,False,78,EVO,False,0.0,ACTION SPORT CLUB,master_sedes,2026-08-27T03:26:55Z
2025-10-10,108,ACTION_SPORT_CLUB,MEDELLÍN,CO,"{'id': 79, 'is_active': True, 'name': 'Action Sport Club Vegas'}",id,Sport Club Vegas,activa,0,0,CO:108,1619.0,SportClubVegas,False,77,EVO,False,0.0,ACTION SPORT CLUB,master_sedes,2026-08-27T03:26:55Z
2021-05-20,2,ACTION_EXPERIENCE,MEDELLÍN,CO,"{'id': 82, 'is_active': True, 'name': 'Action Tesoro'}",id,Tesoro,activa,0,0,CO:2,418.5,Tesoro,False,3,EVO,False,919.0,ANTIOQUIA CENTRO,master_sedes,2026-08-27T03:26:55Z
2024-12-06,28,ACTION_EXPERIENCE,CALI,CO,"{'id': 84, 'is_active': True, 'name': 'Action Unicentro Cali'}",id,Unicentro,activa,0,0,CO:28,856.0,UnicentroCali,False,30,EVO,False,1067.0,B/QUILLA - CALI - PEREIRA,master_sedes,2026-08-27T03:26:55Z
2024-09-13,16,ACTION_EXPERIENCE,BARRANQUILLA,CO,"{'id': 87, 'is_active': True, 'name': 'Action Viva Barranquilla'}",id,Viva Barranquilla,activa,0,0,CO:16,750.0,VivaBarranquilla,False,21,EVO,False,809.0,B/QUILLA - CALI - PEREIRA,master_sedes,2026-08-27T03:26:55Z
2024-06-07,18,ACTION_EXPERIENCE,ENVIGADO,CO,"{'id': 88, 'is_active': True, 'name': 'Action Viva Envigado'}",id,Viva Envigado,activa,0,0,CO:18,611.4,VivaEnvigado,False,18,EVO,False,809.0,ANTIOQUIA SUR,master_sedes,2026-08-27T03:26:55Z
2025-08-12,49,ACTION_EXPERIENCE,ENVIGADO,CO,"{'id': 86, 'is_active': True, 'name': 'Action Viva Alto Las Palmas'}",id,Viva Palmas,activa,0,0,CO:49,609.0,VivaPalmas,False,40,EVO,False,,ANTIOQUIA SUR,admin,2026-08-27T15:42:43Z
2026-07-31,82,ACTION_EXPERIENCE,MEDELLÍN,CO,"{'id': 36, 'is_active': True, 'name': 'Action Exito AV Colombia'}",id,Éxito Av Colombia,activa,0,0,CO:82,871.0,ExitoAvColombia,False,58,EVO,False,450.0,ANTIOQUIA NORTE,master_sedes,2026-08-27T03:26:55Z
2026-03-02,79,ACTION_EXPERIENCE,"BOGOTÁ, D.C.",CO,"{'id': 37, 'is_active': True, 'name': 'Action Exito Chapinero'}",id,Éxito Chapinero,activa,0,0,CO:79,696.47,ExitoChapinero,False,55,EVO,False,450.0,BOGOTÁ,master_sedes,2026-08-27T03:26:55Z
,24,ACTION_EXPERIENCE,"BOGOTÁ, D.C.",CO,,,Éxito Modelia,inactiva,1,1,CO:24,,ExitoModelia,False,25,EVO,False,,BOGOTÁ,,
2025-12-19,59,ACTION_EXPERIENCE,MEDELLÍN,CO,"{'id': 39, 'is_active': True, 'name': 'Action Exito Poblado'}",id,Éxito Poblado,activa,0,0,CO:59,615.0,ExitoPoblado,False,27,EVO,False,939.0,ANTIOQUIA CENTRO,master_sedes,2026-08-27T03:26:55Z
2026-02-13,81,ACTION_EXPERIENCE,MEDELLÍN,CO,"{'id': 40, 'is_active': True, 'name': 'Action Exito San Diego'}",id,Éxito San Diego,activa,0,0,CO:81,668.0,SanDiego,False,57,EVO,False,600.0,ANTIOQUIA CENTRO,master_sedes,2026-08-27T03:26:55Z
2024-11-15,43,ACTION_EXPERIENCE,MADRID,ES,"{'id': 193, 'is_active': True, 'name': 'Action Alcala'}",nombre,Alcalá,activa,0,0,ES:43,675.0,Alcala,False,10228,TRAININGGYM,False,429.0,,master_sedes,2026-08-27T03:26:55Z
2024-09-27,44,ACTION_EXPERIENCE,MADRID,ES,"{'id': 209, 'is_active': True, 'name': 'Action Ortega y Gasset'}",nombre,Ortega y Gasset,activa,0,0,ES:44,1561.0,OrtegayGasset,False,10321,TRAININGGYM,False,720.0,,master_sedes,2026-08-27T03:26:55Z
2025-03-07,45,ACTION_EXPERIENCE,MADRID,ES,,,Ventas,activa,0,0,ES:45,642.0,Ventas,False,10229,TRAININGGYM,False,320.0,,master_sedes,2026-08-27T03:26:55Z
2026-07-24,68,ACTION_EXPERIENCE,CIUDAD DE MÉXICO,MX,"{'id': 175, 'is_active': True, 'name': 'Action Bosque Real'}",nombre,Bosque Real,activa,0,0,MX:68,939.0,BosqueReal,False,12,EVO,False,420.0,MEXICO,master_sedes,2026-08-27T03:26:55Z
2025-05-09,55,ACTION_EXPERIENCE,CUERNAVACA,MX,,,Cuernavaca,activa,0,0,MX:55,1093.0,Cuernavaca,False,5,EVO,False,280.0,MEXICO,master_sedes,2026-08-27T03:26:55Z
2024-09-18,46,ACTION_EXPERIENCE,CIUDAD DE MÉXICO,MX,,,Euroten Santa Fe,activa,0,0,MX:46,675.5,EurotenSantaFe,False,1,EVO,False,400.0,MEXICO,master_sedes,2026-08-27T03:26:55Z
2024-12-30,53,ACTION_EXPERIENCE,CIUDAD DE MÉXICO,MX,"{'id': 179, 'is_active': True, 'name': 'Action Interlomas'}",nombre,Interlomas,activa,0,0,MX:53,1109.4,Interlomas,False,3,EVO,False,440.0,MEXICO,master_sedes,2026-08-27T03:26:55Z
2025-10-15,71,ACTION_EXPERIENCE,GUADALAJARA,MX,"{'id': 182, 'is_active': True, 'name': 'Action Landmark'}",nombre,Landmark,activa,0,0,MX:71,871.0,Landmark,False,9,EVO,False,320.0,MEXICO,master_sedes,2026-08-27T03:26:55Z
2025-12-21,69,ACTION_EXPERIENCE,CIUDAD DE MÉXICO,MX,"{'id': 183, 'is_active': True, 'name': 'Action Parque Duraznos'}",nombre,Parque Duraznos,activa,0,0,MX:69,638.0,ParqueDuraznos,False,11,EVO,False,340.0,MEXICO,master_sedes,2026-08-27T03:26:55Z
2026-08-02,70,ACTION_EXPERIENCE,CIUDAD DE MÉXICO,MX,,,Reforma,activa,0,0,MX:70,759.0,ReformaAngelDeLaIndependencia,False,10,EVO,False,330.0,MEXICO,master_sedes,2026-08-27T03:26:55Z
2025-02-10,54,ACTION_EXPERIENCE,GUADALAJARA,MX,"{'id': 188, 'is_active': True, 'name': 'Action Sao Paulo'}",nombre,Sao Paulo,activa,0,0,MX:54,745.5,SaoPaulo,False,2,EVO,False,360.0,MEXICO,master_sedes,2026-08-27T03:26:55Z
2026-08-06,73,ACTION_EXPERIENCE,METEPEC,MX,"{'id': 189, 'is_active': True, 'name': 'Action Town Square Metepec'}",nombre,Town Square Metepec,activa,0,0,MX:73,489.7,TownSquareMetepec,False,8,EVO,False,450.0,MEXICO,master_sedes,2026-08-27T03:26:55Z
,50,ACTION_EXPERIENCE,NEW YORK,US,,,Nomad,inactiva,1,1,US:50,,FlatIron,False,64cbd370c16f84ef7d0ebe96,GLOFOX,False,,,,
2024-06-22,40,ACTION_EXPERIENCE,NEW YORK,US,,,Tribeca,activa,0,0,US:40,406.0,Tribeca,False,64c96bc8aecbe3bb70046e94,GLOFOX,False,450.0,,master_sedes,2026-08-27T03:26:55Z
,51,ACTION_EXPERIENCE,NEW YORK,US,,,Williamsburg,inactiva,1,1,US:51,,Williamsburg,False,64cbd5032b999008830bc703,GLOFOX,False,,,,
